id;name;contact_no;email;last_modified;last_modified_by
1;Lead metrics;connecting incubate;Kaela83@hotmail.com;2022-02-14T17:12:35;payment target motivating
2;Jordan generate Principal;Personal;Dominique.Witting80@yahoo.com;2022-02-14T17:03:18;applications Games
3;Center Tasty;blue;Ava.Turcotte@hotmail.com;2022-02-15T06:46:42;open-source
4;Incredible magenta;homogeneous process magenta;Maurine_Rice53@gmail.com;2022-02-14T13:25:15;relationships
5;robust Garden Jewelery;eyeballs Architect;Rhianna.Pfeffer40@yahoo.com;2022-02-15T02:33:31;Point
6;Response;China Shoes Personal;Willis23@gmail.com;2022-02-15T04:13:45;Grocery users Upgradable
7;Account customized;radical Kiribati;Mariela3@yahoo.com;2022-02-14T11:50:39;compress dynamic
8;fresh-thinking;Syrian;Maxwell.Jakubowski98@gmail.com;2022-02-14T23:55:57;Licensed
9;Fresh withdrawal Colorado;Garden Rubber;Phoebe69@hotmail.com;2022-02-14T19:02:11;cross-media Sausages
10;uniform;matrix Rupee Cambridgeshire;Watson_Kessler@hotmail.com;2022-02-15T01:05:47;synergistic Fresh
