id;name;description;volume;unit;calulate_volume;dimensions;sub_type_ind;deleted;last_modified;last_modified_by
1;Towels didactic;Illinois;77239;Unbranded;42029;Wisconsin Savings;THX;false;2022-02-14T17:34:32;Response
2;Investor calculating Direct;synergies Sleek Gloves;12248;Pound Program Product;77474;plum Taka;Point Streamlined;true;2022-02-15T02:42:40;Developer Checking
3;monitor Course mobile;Loop;42140;program Credit;58242;JBOD Berkshire;Lodge;false;2022-02-14T13:25:40;neural
4;Lead function;hack;82410;overriding Plastic Technician;76741;Generic Steel;Islands 24/7;true;2022-02-15T11:11:57;Industrial hack Iowa
5;navigating PCI;Supervisor collaboration;25650;hack;42937;drive;end-to-end grey hardware;false;2022-02-14T12:53:40;Focused Manager ROI
6;Square Profit-focused;Berkshire;54206;Wisconsin Kwacha world-class;69858;Salvador TCP Wisconsin;Licensed Bedfordshire Fantastic;true;2022-02-15T08:43:26;Rubber Money
7;Bacon;Ghana Walks;77395;turn-key XML Soap;17356;Principal Rufiyaa;Station Soft;true;2022-02-14T18:28:15;Gateway Bike Dobra
8;Investment bypass;Pierre;44488;transmitting Taiwan;6778;IB connect District;Games connecting Electronics;false;2022-02-14T21:50:26;feed
9;radical efficient;Coordinator;20195;District;83348;supply-chains;Mouse Web;true;2022-02-15T03:22:04;Supervisor Keyboard primary
10;Sleek Unbranded;well-modulated;96611;database;21698;matrix Franc;program;false;2022-02-14T15:13:00;yellow firewall Diverse
