id;name;deleted;last_modified;last_modified_by
1;e-markets Hong invoice;false;2022-02-15T01:26:51;Bedfordshire Tasty
2;back-end Sleek;true;2022-02-14T14:16:18;Account
3;payment Account deposit;true;2022-02-14T23:12:46;Tuna
4;redundant;false;2022-02-15T07:34:32;Berkshire
5;Wooden Intuitive;false;2022-02-14T15:16:08;HTTP connecting Representative
6;orchestrate connecting;true;2022-02-15T00:30:30;deposit
7;Concrete invoice deposit;true;2022-02-15T09:02:14;invoice Licensed
8;Montana impactful;true;2022-02-14T14:35:58;Automotive
9;Soft coherent Lesotho;true;2022-02-14T23:11:10;EXE mindshare
10;orchid cohesive;true;2022-02-14T15:58:14;Small wireless violet
