id;first_name;last_name;designation;login;password_hash;email;image_url;activated;lang_key;activation_key;reset_key;reset_date;mobile_no;one_time_password;otp_expiry_time;last_modified;last_modified_by
1;Dejon;Crona;Electronics array Ethiopia;Towels Ethiopian;Architect Marketing;Lindsay44@hotmail.com;Rubber tolerance Tasty;true;Cambridgeshire connect;input;digital portal;2022-02-15T03:44:10;array array Beauty;Malaysian;2022-02-15T11:01:49;2022-02-15T01:05:11;time-frame Devolved
2;Jasper;Block;Avon withdrawal virtual;leading-edge;JBOD Investment Tasty;Garrick7@yahoo.com;Account adapter Yuan;true;mobile silver Berkshire;Avon reboot Jordan;Delaware value-added salmon;2022-02-15T02:01:28;Upgradable Bypass;synthesize;2022-02-14T19:11:20;2022-02-15T04:38:17;Administrator microchip
3;Modesto;Glover;microchip;Balanced;deposit;Kade24@gmail.com;back-end Investor calculating;true;Front-line Radial;Tasty GB;Massachusetts seamless;2022-02-15T08:13:01;silver Sausages Lead;hacking Mouse Fantastic;2022-02-14T12:37:55;2022-02-15T01:02:42;transmit compress
4;Mossie;Gutkowski;CFA convergence;card;Liaison Zimbabwe;Alessandro.Hirthe91@hotmail.com;Research Granite;true;Plastic;Orchestrator Buckinghamshire;hacking;2022-02-15T11:05:15;Soft experiences Plastic;Swaziland Cotton;2022-02-14T18:45:30;2022-02-14T21:26:13;Applications plum
5;Simone;Flatley;orchid Concrete Roads;payment redundant;Oro;America_Lang21@gmail.com;CSS Oman;false;Practical Division;Practical National Markets;Belgium;2022-02-14T13:04:16;value-added SMS high-level;morph Unbranded Senegal;2022-02-14T11:55:13;2022-02-14T15:40:33;Arkansas Metal Sleek
6;Isabelle;Nolan;interactive;content-based;neutral Handmade Avon;Archibald_Reichert@gmail.com;copying;true;quantifying European;generate frictionless indexing;Metrics redundant invoice;2022-02-14T20:17:22;Wooden Dollar;Factors Rubber Borders;2022-02-14T19:26:51;2022-02-15T11:06:26;CSS Health
7;Pansy;Trantow;zero Coordinator;Customer Maine;Account high-level;Kiera.Feest41@hotmail.com;payment Idaho;true;withdrawal orchid;Pants;Product invoice viral;2022-02-15T00:57:36;Wooden;Oklahoma;2022-02-14T19:51:22;2022-02-15T01:34:04;Assimilated
8;Marcelle;Mayer;engine;monitoring input Refined;New strategic streamline;Judson_Kiehn@hotmail.com;Computers encompassing connect;true;Account;Tools relationships;alarm Avon;2022-02-14T17:59:35;analyzing Distributed;Auto up Ruble;2022-02-15T09:53:39;2022-02-15T01:13:07;algorithm Internal Cambridgeshire
9;Zelda;Crooks;Handmade Computers Dollar;digital navigating;Health;Nash98@gmail.com;fuchsia ADP;true;compelling infrastructure;Concrete Bacon Corporate;infrastructures;2022-02-14T13:16:49;PCI;Investment;2022-02-15T01:36:36;2022-02-15T01:03:51;web Avenue programming
10;Itzel;Marquardt;drive South District;Bedfordshire;Group Fundamental bi-directional;Madisyn_Wyman38@hotmail.com;Nakfa;true;Intuitive value-added;parse scalable;networks;2022-02-15T10:44:18;extensible architectures gold;Niue Ergonomic;2022-02-14T18:03:36;2022-02-14T14:15:34;withdrawal user Shoes
