id;level;access_id;last_modified;last_modified_by
1;STATE;74074;2022-02-15T01:19:53;override Multi-tiered
2;HOSPITAL;45443;2022-02-15T00:23:28;Steel reciprocal
3;SUPPLIER;19111;2022-02-14T23:04:33;Granite Bermudian
4;HOSPITAL;31290;2022-02-14T20:00:07;synthesizing override state
5;STATE;91170;2022-02-14T12:54:59;moratorium
6;MUNCIPALCORP;22386;2022-02-14T18:26:04;Trail enable Bike
7;STATE;11434;2022-02-15T00:37:40;Regional
8;TALUKA;30013;2022-02-14T14:41:21;Toys Greece
9;MUNCIPALCORP;39146;2022-02-14T23:43:28;Metal incremental Towels
10;HOSPITAL;57245;2022-02-14T21:35:09;compress
